City_ID,City,Country,Lat,Lng,Max Temp,Humidity,Cloudiness,Wind Speed,Current Description
0,Albany,US,42.6001,-73.9662,32.67,67,100,3.09,overcast clouds
1,Bengkulu,ID,-3.8004,102.2655,77.25,83,48,4.16,scattered clouds
2,Cap Malheureux,MU,-19.9842,57.6142,79.29,86,100,1.99,overcast clouds
3,Mount Gambier,AU,-37.8333,140.7667,84.11,42,40,9.22,light rain
4,Punta Arenas,CL,-53.15,-70.9167,50.11,46,40,23.02,scattered clouds
5,Colon,PA,9.3592,-79.9014,79.25,78,7,9.82,clear sky
6,Viedma,AR,-40.8135,-62.9967,92.07,18,0,10.87,clear sky
7,Teya,RU,60.3778,92.6267,-16.26,100,92,2.93,overcast clouds
8,Mataura,NZ,-46.1927,168.8643,59.49,44,29,5.39,scattered clouds
9,Quatre Cocos,MU,-20.2078,57.7625,78.91,86,100,8.41,overcast clouds
10,Ninh Binh,VN,20.2539,105.975,63.7,86,100,8.39,overcast clouds
11,Vaini,TO,-21.2,-175.2,86.16,89,75,12.66,broken clouds
12,Antalaha,MG,-14.9003,50.2788,75.65,89,100,4.94,overcast clouds
13,Portland,US,45.5234,-122.6762,59.09,70,75,1.01,broken clouds
14,Busselton,AU,-33.65,115.3333,69.04,62,17,12.55,few clouds
15,Hobyo,SO,5.3505,48.5268,76.26,70,36,19.57,scattered clouds
16,Hobart,AU,-42.8794,147.3294,70.02,70,75,3.0,broken clouds
17,Broken Hill,AU,-31.95,141.4333,92.91,33,36,14.97,scattered clouds
18,Saldanha,ZA,-33.0117,17.9442,64.45,82,100,9.19,overcast clouds
19,Verkhnyaya Inta,RU,65.9811,60.3094,12.4,84,100,26.93,overcast clouds
20,Belmonte,BR,-15.8631,-38.8828,77.5,83,5,6.22,clear sky
21,Alofi,NU,-19.0595,-169.9187,84.09,74,75,10.36,broken clouds
22,Iskateley,RU,67.6803,53.1512,13.89,90,100,20.13,overcast clouds
23,Hithadhoo,MV,-0.6,73.0833,82.6,71,100,7.31,overcast clouds
24,Saint Anthony,US,45.0205,-93.218,33.73,83,40,0.0,scattered clouds
25,Yellowknife,CA,62.456,-114.3525,-7.58,83,100,4.61,light snow
26,Lebu,CL,-37.6167,-73.65,57.88,91,4,6.78,clear sky
27,Nyimba,ZM,-14.5566,30.8149,68.13,96,100,2.24,overcast clouds
28,Kavieng,PG,-2.5744,150.7967,84.52,68,100,9.73,overcast clouds
29,Ushuaia,AR,-54.8,-68.3,44.26,65,75,19.57,broken clouds
30,Barrow,US,71.2906,-156.7887,-7.58,71,0,9.22,clear sky
31,Yenangyaung,MM,20.4667,94.8833,64.56,58,19,3.65,few clouds
32,Port Moresby,PG,-9.4431,147.1797,89.02,62,20,5.75,few clouds
33,Jackson,US,42.4165,-122.8345,56.44,59,0,0.0,clear sky
34,Maceio,BR,-9.6658,-35.7353,80.04,83,40,5.75,scattered clouds
35,Malumfashi,NG,11.7853,7.6218,66.04,22,0,6.85,clear sky
36,Provideniya,RU,64.3833,-173.3,6.91,66,0,20.13,clear sky
37,Chokurdakh,RU,70.6333,147.9167,-34.74,100,100,3.36,overcast clouds
38,Noshiro,JP,40.2039,140.0242,31.14,61,100,22.21,light snow
39,Hailun,CN,47.45,126.9333,-16.37,97,21,6.26,few clouds
40,Gat,IL,31.61,34.7642,61.39,43,69,6.96,broken clouds
41,San Cayetano,CO,7.8771,-72.6243,77.88,73,40,4.61,scattered clouds
42,Talnakh,RU,69.4865,88.3972,-3.8,98,100,12.8,light snow
43,Batagay,RU,67.6333,134.6333,-15.65,98,100,0.87,overcast clouds
44,Rikitea,PF,-23.1203,-134.9692,77.14,73,6,18.5,light rain
45,Kapaa,US,22.0752,-159.319,78.78,77,75,4.0,broken clouds
46,Viransehir,TR,37.2353,39.7631,47.53,95,100,6.44,overcast clouds
47,Chuy,UY,-33.6971,-53.4616,69.19,85,0,9.35,light rain
48,Egvekinot,RU,66.3167,-179.1667,-12.75,88,16,9.4,few clouds
49,Constantine,DZ,36.365,6.6147,38.61,93,75,6.91,broken clouds
50,Georgetown,MY,5.4112,100.3354,78.73,69,20,1.01,few clouds
51,Mangla,PK,31.8931,72.3817,48.56,44,5,1.03,clear sky
52,Zabol,AF,32.25,67.25,32.43,68,0,0.54,clear sky
53,Saskylakh,RU,71.9167,114.0833,-39.69,100,62,5.57,broken clouds
54,Bluff,NZ,-46.6,168.3333,59.81,69,78,9.82,broken clouds
55,Shanhetun,CN,44.7,127.2,-6.86,96,98,6.85,overcast clouds
56,Atuona,PF,-9.8,-139.0333,77.76,73,8,8.57,clear sky
57,Puerto Ayora,EC,-0.7393,-90.3518,74.41,81,53,7.67,broken clouds
58,Acapulco,MX,16.8634,-99.8901,82.22,74,0,6.91,clear sky
59,Kaduqli,SD,11.0167,29.7167,80.38,34,10,8.48,clear sky
60,Qaanaaq,GL,77.484,-69.3632,-2.88,97,100,2.15,overcast clouds
61,Jamestown,US,42.097,-79.2353,35.29,81,100,1.01,overcast clouds
62,Henties Bay,NA,-22.116,14.2845,63.86,85,100,7.2,overcast clouds
63,Chingola,ZM,-12.529,27.8838,62.01,99,100,4.63,light rain
64,Victoria,HK,22.2855,114.1577,62.26,79,100,1.99,overcast clouds
65,Evensk,RU,61.95,159.2333,0.27,80,100,7.2,overcast clouds
66,Dikson,RU,73.5069,80.5464,-2.94,91,100,19.48,overcast clouds
67,Norman Wells,CA,65.282,-126.8329,-11.16,64,75,2.3,broken clouds
68,Saint George,US,37.1041,-113.5841,60.35,29,0,1.01,clear sky
69,Chapais,CA,49.7834,-74.8492,-9.62,100,44,2.64,scattered clouds
70,Bhandaria,BD,22.4861,90.0609,62.91,84,91,4.56,overcast clouds
71,Geraldton,AU,-28.7667,114.6,75.61,64,100,18.41,overcast clouds
72,Bethel,US,41.3712,-73.414,32.81,72,0,0.0,clear sky
73,Shediac,CA,46.2198,-64.5411,30.83,93,100,4.61,light snow
74,Bredasdorp,ZA,-34.5322,20.0403,67.32,83,100,11.5,overcast clouds
75,Lamu,KE,-2.2717,40.902,77.05,85,90,10.71,overcast clouds
76,Codrington,AU,-38.2667,141.9667,86.04,42,54,8.63,light rain
77,Traralgon,AU,-38.1833,146.5333,79.9,50,14,8.81,few clouds
78,Port Alfred,ZA,-33.5906,26.891,70.48,87,90,13.98,overcast clouds
79,Hobbs,US,32.7026,-103.136,59.59,18,0,4.0,clear sky
80,Zhigalovo,RU,54.8097,105.1578,2.16,99,100,2.57,overcast clouds
81,Kearney,US,40.6995,-99.0815,50.99,35,20,7.0,few clouds
82,Walvis Bay,NA,-22.9575,14.5053,67.15,72,100,3.44,overcast clouds
83,Coquimbo,CL,-29.9533,-71.3436,63.7,85,22,4.97,few clouds
84,Vardo,NO,70.3705,31.1107,35.4,89,100,23.49,overcast clouds
85,Plyussa,RU,58.4308,29.3654,25.92,93,100,11.03,overcast clouds
86,Minab,IR,27.1467,57.0801,53.1,68,0,1.95,clear sky
87,Hereford,GB,52.0568,-2.7148,39.99,95,0,2.66,clear sky
88,Grindavik,IS,63.8424,-22.4338,34.27,80,75,31.07,light shower snow
89,Moose Factory,CA,51.2585,-80.6094,-13.0,77,0,5.75,clear sky
90,Oum Hadjer,TD,13.2954,19.6966,73.45,17,99,10.58,overcast clouds
91,Newton,US,42.337,-71.2092,37.11,57,100,3.0,overcast clouds
92,College,US,64.8569,-147.8028,15.22,83,75,0.0,broken clouds
93,Murdochville,CA,48.9583,-65.5006,4.08,90,100,1.9,overcast clouds
94,Pensacola,US,30.4213,-87.2169,55.85,71,0,3.44,clear sky
95,Kodiak,US,57.79,-152.4072,35.11,75,20,5.75,few clouds
96,Hilo,US,19.7297,-155.09,80.33,80,75,8.05,broken clouds
97,Myitkyina,MM,25.3833,97.4,57.63,98,100,2.04,overcast clouds
98,Pangnirtung,CA,66.1451,-65.7125,-22.61,78,94,4.09,overcast clouds
99,Saint-Pierre,RE,-21.3393,55.4781,77.29,83,75,2.3,broken clouds
100,Kokrajhar,IN,26.399,90.2718,56.23,96,25,6.24,scattered clouds
101,Cape Town,ZA,-33.9258,18.4232,72.01,69,0,4.0,clear sky
102,Faya,SA,18.3851,42.4509,51.91,67,55,1.63,broken clouds
103,Mahebourg,MU,-20.4081,57.7,79.09,89,40,9.22,scattered clouds
104,Hermanus,ZA,-34.4187,19.2345,69.91,84,100,14.99,overcast clouds
105,Nome,US,64.5011,-165.4064,-0.33,60,0,3.44,clear sky
106,Khatanga,RU,71.9667,102.5,-10.75,98,100,5.93,overcast clouds
107,San Fernando,PH,15.0286,120.6898,79.14,67,67,5.39,broken clouds
108,Caravelas,BR,-17.7125,-39.2481,74.25,90,0,5.3,clear sky
109,Tasiilaq,GL,65.6145,-37.6368,19.56,67,54,9.42,broken clouds
110,Hasaki,JP,35.7333,140.8333,39.6,47,100,6.62,overcast clouds
111,Tuktoyaktuk,CA,69.4541,-133.0374,-16.6,76,40,14.97,scattered clouds
112,Nanning,CN,22.8167,108.3167,52.25,64,100,2.89,overcast clouds
113,Mar Del Plata,AR,-38.0023,-57.5575,74.08,82,0,5.01,clear sky
114,Basco,PH,20.4487,121.9702,70.84,72,83,10.56,broken clouds
115,Klaksvik,FO,62.2266,-6.589,47.32,87,100,42.95,overcast clouds
116,Aklavik,CA,68.2191,-135.0107,-10.48,94,100,2.66,overcast clouds
117,Cayenne,GF,4.9333,-52.3333,75.24,91,0,0.0,clear sky
118,Mackay,AU,-21.15,149.2,86.68,61,40,18.41,scattered clouds
119,Hami,CN,42.8,93.45,24.13,49,100,0.25,overcast clouds
120,Half Moon Bay,US,37.4636,-122.4286,66.15,66,0,3.44,haze
121,Snezhnogorsk,RU,69.1933,33.2531,31.78,93,100,23.24,light snow
122,Kaeo,NZ,-35.1,173.7833,77.32,59,0,12.41,clear sky
123,Mujiayingzi,CN,42.1167,118.7833,8.98,45,0,7.0,clear sky
124,Hay River,CA,60.8156,-115.7999,1.38,85,100,3.44,light snow
125,Manzhouli,CN,49.6,117.4333,-8.52,94,24,3.22,few clouds
126,Sibolga,ID,1.7427,98.7792,78.04,85,82,2.68,broken clouds
127,Faanui,PF,-16.4833,-151.75,77.41,87,100,21.43,moderate rain
128,Rocha,UY,-34.4833,-54.3333,63.3,93,0,5.57,clear sky
129,Bereda,ES,43.2686,-7.5406,45.91,100,0,2.82,clear sky
130,Vuktyl,RU,63.8567,57.3094,5.09,80,58,13.87,broken clouds
131,Constitucion,CL,-35.3333,-72.4167,58.32,93,7,8.21,clear sky
132,New Norfolk,AU,-42.7826,147.0587,69.66,46,85,6.13,overcast clouds
133,Niono,ML,14.2526,-5.993,72.63,11,11,10.09,few clouds
134,Esperance,AU,-33.8667,121.9,75.04,44,0,10.58,clear sky
135,Salalah,OM,17.0151,54.0924,69.89,73,20,4.61,few clouds
136,Tagusao,PH,9.1924,117.8141,80.4,73,85,9.37,overcast clouds
137,Orchard Homes,US,46.8633,-114.0484,41.59,85,100,1.99,mist
138,Biak,ID,-0.9131,122.8766,81.48,69,100,2.21,overcast clouds
139,Cabo San Lucas,MX,22.8909,-109.9124,79.9,67,40,3.0,scattered clouds
140,Katangi,IN,23.45,79.7833,49.26,84,96,4.97,overcast clouds
141,Russell,US,32.3502,-85.1999,49.6,82,100,0.29,overcast clouds
142,Antonio Escobedo,MX,20.8,-104.0167,75.04,45,99,1.83,overcast clouds
143,Pevek,RU,69.7008,170.3133,-20.0,95,28,3.18,scattered clouds
144,Raudeberg,NO,61.9875,5.1352,47.86,96,100,15.99,overcast clouds
145,Dandong,CN,40.1292,124.3947,14.0,42,0,14.38,clear sky
146,Beitbridge,ZW,-22.2167,30.0,73.49,77,85,16.93,overcast clouds
147,Olafsvik,IS,64.8945,-23.7142,36.14,63,100,45.52,overcast clouds
148,Arraial Do Cabo,BR,-22.9661,-42.0278,76.15,90,100,2.42,overcast clouds
149,Goma,CD,-1.6792,29.2228,63.66,72,100,3.53,overcast clouds
150,Aksarka,RU,66.5606,67.7975,11.77,88,100,12.73,overcast clouds
151,Te Anau,NZ,-45.4167,167.7167,63.77,47,1,4.61,clear sky
152,Port Arthur,CN,38.8,121.2667,23.22,47,5,20.38,clear sky
153,Sitka,US,57.0531,-135.33,40.89,87,100,5.75,overcast clouds
154,Atar,MR,20.5169,-13.0499,69.85,16,96,8.03,overcast clouds
155,Kattivakkam,IN,13.2167,80.3167,80.08,86,34,6.93,scattered clouds
156,Hambantota,LK,6.1241,81.1185,73.74,100,20,3.44,few clouds
157,Ponta Do Sol,PT,32.6667,-17.1,63.72,71,37,3.89,scattered clouds
158,Toora-Khem,RU,52.4675,96.11,-5.03,98,100,0.92,overcast clouds
159,La Rioja,ES,42.25,-2.5,35.04,53,0,3.67,clear sky
160,Zyryanka,RU,65.75,150.85,-32.51,99,100,3.29,overcast clouds
161,Susurluk,TR,39.9136,28.1578,38.84,85,99,18.12,overcast clouds
162,Usakos,NA,-22.0,15.6,64.27,46,100,3.2,overcast clouds
163,Severo-Kurilsk,RU,50.6789,156.125,31.55,88,100,41.65,light snow
164,Nemuro,JP,43.3236,145.575,32.43,71,66,25.5,broken clouds
165,Bulgan,MN,48.8125,103.5347,0.75,80,55,4.03,broken clouds
166,Langxiang,CN,46.95,128.8833,-6.99,89,55,3.51,broken clouds
167,Marzuq,YE,14.4,46.4667,59.76,51,10,1.41,clear sky
168,Mmathubudukwane,BW,-24.6,26.4333,68.58,86,16,4.09,light rain
169,Santa Cruz,BO,-17.8,-63.1667,80.06,83,1,4.61,clear sky
170,Upernavik,GL,72.7868,-56.1549,5.97,92,100,3.91,overcast clouds
171,Mildura,AU,-34.2,142.15,91.36,38,75,18.41,broken clouds
172,Port Blair,IN,11.6667,92.75,79.97,77,92,10.29,overcast clouds
173,Tateyama,JP,34.9833,139.8667,45.01,59,97,11.79,overcast clouds
174,Saint-Georges,GD,12.0564,-61.7485,76.68,78,20,8.05,few clouds
175,Reconquista,AR,-29.15,-59.65,84.34,18,0,6.76,clear sky
176,Souillac,MU,-20.5167,57.5167,79.18,89,40,9.22,light rain
177,Katherine,AU,-14.4667,132.2667,75.52,94,100,10.36,moderate rain
178,Santa Marta,CO,11.2408,-74.199,80.89,66,5,13.0,clear sky
179,Joensuu,FI,62.6012,29.7632,32.49,97,100,11.5,overcast clouds
180,Nampula,MZ,-15.1165,39.2666,70.38,96,100,1.7,overcast clouds
181,Lashio,MM,22.9333,97.75,52.43,91,73,1.7,broken clouds
182,Broome,US,42.2506,-75.833,34.57,73,100,1.99,overcast clouds
183,Carnarvon,AU,-24.8667,113.6333,78.87,65,0,19.57,clear sky
184,Avarua,CK,-21.2078,-159.775,84.25,70,75,17.27,broken clouds
185,Bennington,US,42.8781,-73.1968,30.51,75,100,0.0,overcast clouds
186,Asau,RO,46.4333,26.4,14.95,91,9,2.66,clear sky
187,Susanville,US,40.4163,-120.653,43.66,69,0,3.44,clear sky
188,Staryy Nadym,RU,65.6118,72.6842,11.57,92,100,16.62,overcast clouds
189,Thompson,CA,55.7435,-97.8558,-21.84,76,20,5.75,few clouds
190,Khoy,IR,38.5504,44.9535,33.84,82,99,5.84,overcast clouds
191,Rehoboth,NA,-23.3167,17.0833,68.2,29,100,4.29,overcast clouds
192,Kavaratti,IN,10.5669,72.642,78.35,68,100,10.87,overcast clouds
193,Suntar,RU,62.1444,117.6319,-9.38,99,100,2.39,overcast clouds
194,Jiuquan,CN,39.7432,98.5174,17.73,50,62,2.19,broken clouds
195,Boueni,YT,-12.9025,45.0761,80.58,74,98,7.29,overcast clouds
196,Stromness,GB,58.965,-3.296,48.45,81,100,39.91,overcast clouds
197,Clarence Town,AU,-32.5833,151.7833,82.62,53,42,6.2,scattered clouds
198,Skibbereen,IE,51.55,-9.2667,40.8,84,0,1.07,clear sky
199,Santa Isabel Do Rio Negro,BR,-0.4139,-65.0192,77.94,82,100,0.56,overcast clouds
200,Port Elizabeth,ZA,-33.918,25.5701,70.11,88,100,9.22,overcast clouds
201,Lorengau,PG,-2.0226,147.2712,85.17,67,98,11.54,overcast clouds
202,Berlevag,NO,70.8578,29.0864,35.69,90,100,28.5,overcast clouds
203,Bambous Virieux,MU,-20.3428,57.7575,79.05,89,40,9.22,scattered clouds
204,Pangai,TO,-19.8,-174.35,84.31,74,75,11.5,broken clouds
205,Airai,TL,-8.9266,125.4092,69.57,74,100,3.6,overcast clouds
206,Lima,PE,-12.0432,-77.0282,72.14,60,0,8.05,clear sky
207,Gap,FR,44.6667,6.0,11.84,71,0,5.93,clear sky
208,Khandagayty,RU,50.7333,92.05,-11.0,95,100,2.44,overcast clouds
209,Ayan,RU,56.45,138.1667,2.17,76,100,3.15,overcast clouds
210,Saint-Philippe,RE,-21.3585,55.7679,77.22,86,100,10.89,light rain
211,Banda Aceh,ID,5.5577,95.3222,78.8,81,47,10.38,scattered clouds
212,Vikulovo,RU,56.8167,70.6107,-10.14,97,23,4.59,few clouds
213,Le Port,RE,-20.9373,55.2919,77.61,81,100,11.21,light rain
214,Katsuura,JP,35.1333,140.3,45.1,48,99,6.08,overcast clouds
215,Longyearbyen,SJ,78.2186,15.6401,33.64,75,75,13.8,broken clouds
216,Salvador,SV,13.8333,-88.9167,77.04,58,59,3.58,broken clouds
217,Asfi,MA,32.2994,-9.2372,58.48,64,0,2.89,clear sky
218,Road Town,VG,18.4167,-64.6167,73.49,75,9,15.75,clear sky
219,Ambilobe,MG,-13.2,49.05,74.73,95,100,0.4,overcast clouds
220,Aykhal,RU,66.0,111.5,-29.65,100,87,1.79,overcast clouds
221,Tiksi,RU,71.6872,128.8694,-16.42,96,100,5.79,overcast clouds
222,Buin,CL,-33.7333,-70.75,76.73,63,0,4.56,clear sky
223,Honiara,SB,-9.4333,159.95,84.63,79,98,7.63,overcast clouds
224,East London,ZA,-33.0153,27.9116,71.02,82,100,10.96,overcast clouds
225,Yelizovo,RU,53.1873,158.3805,19.54,67,75,1.99,broken clouds
226,Torbay,CA,47.6666,-52.7314,21.27,76,75,8.05,broken clouds
227,Awbari,LY,26.5921,12.7805,44.11,44,2,3.69,clear sky
228,Nuuk,GL,64.1835,-51.7216,14.61,79,100,2.3,overcast clouds
229,Sao Filipe,CV,14.8961,-24.4956,72.36,69,100,5.5,overcast clouds
230,Nha Trang,VN,12.25,109.1833,75.2,82,81,6.78,broken clouds
231,Naustdal,NO,61.509,5.7168,46.85,96,100,8.61,overcast clouds
232,Plaza De Caisan,PA,8.7333,-82.8167,71.69,93,0,3.96,clear sky
233,Goderich,CA,43.7501,-81.7165,32.92,80,100,8.05,overcast clouds
234,Tadine,NC,-21.55,167.8833,80.1,79,36,14.56,scattered clouds
235,Nuevo Progreso,MX,23.1667,-97.95,71.6,88,82,5.03,broken clouds
236,Lata,PT,40.1629,-8.3327,50.72,76,0,5.41,clear sky
237,Las Palmas,ES,28.4204,-14.0131,57.99,82,0,5.75,clear sky
238,Ancud,CL,-41.8697,-73.8203,63.43,91,0,7.11,clear sky
239,Havre-Saint-Pierre,CA,50.2334,-63.5986,14.59,92,100,9.22,overcast clouds
240,Tuatapere,NZ,-46.1333,167.6833,59.83,55,0,5.46,clear sky
241,Hamilton,US,39.1834,-84.5333,43.43,65,0,0.0,clear sky
242,Bombay,IN,19.0144,72.8479,67.98,73,2,5.75,haze
243,Puerto Carreno,CO,6.189,-67.4859,85.91,37,31,6.67,scattered clouds
244,Port Augusta,AU,-32.5,137.7667,68.14,45,0,14.81,clear sky
245,Sinazongwe,ZM,-17.2614,27.4618,73.24,85,99,6.26,overcast clouds
246,Marsh Harbour,BS,26.5412,-77.0636,70.83,66,14,15.39,few clouds
247,Kaka,TM,37.3482,59.6143,45.19,49,6,3.42,clear sky
248,Arona,ES,28.0996,-16.681,59.79,64,0,1.01,clear sky
249,Beringovskiy,RU,63.05,179.3167,-11.94,93,36,10.67,scattered clouds
250,Zhigansk,RU,66.7697,123.3711,-23.33,98,100,8.99,overcast clouds
251,Matamoros,MX,25.5333,-103.25,64.51,34,40,0.0,scattered clouds
252,Huambo,AO,-12.7761,15.7392,60.37,96,100,3.51,overcast clouds
253,Guaymas,MX,27.9333,-110.9,76.46,68,40,9.22,scattered clouds
254,Soyo,AO,-6.1349,12.3689,76.59,84,100,4.23,overcast clouds
255,Karratha,AU,-20.7377,116.8463,106.65,16,50,20.98,scattered clouds
256,Puerto Madryn,AR,-42.7692,-65.0385,74.53,48,0,9.33,clear sky
257,Grand Gaube,MU,-20.0064,57.6608,79.2,86,100,1.99,overcast clouds
258,Mecca,SA,21.4267,39.8261,73.83,78,38,3.49,scattered clouds
259,Shenjiamen,CN,29.9576,122.298,43.77,68,100,22.79,overcast clouds
260,San Patricio,US,28.017,-97.5169,63.01,76,96,4.92,overcast clouds
261,Kjollefjord,NO,70.9457,27.3465,36.41,78,100,28.77,overcast clouds
262,Kaitangata,NZ,-46.2817,169.8464,59.94,56,41,8.12,scattered clouds
263,Hofn,IS,64.2539,-15.2082,37.04,76,19,23.64,few clouds
264,Chumikan,RU,54.7183,135.315,0.12,88,100,7.52,overcast clouds
265,Tramandai,BR,-29.9847,-50.1336,73.22,82,1,12.75,clear sky
266,Cerrito,CO,6.8432,-72.694,49.39,95,87,2.39,overcast clouds
267,Komsomolskiy,UZ,40.4272,71.7189,33.22,69,100,2.3,mist
268,Lae,PG,-6.7221,146.9847,90.39,54,41,2.51,scattered clouds
269,Puerto Escondido,MX,15.85,-97.0667,81.43,74,20,0.0,few clouds
270,Catamarca,AR,-28.4696,-65.7852,85.64,29,5,11.1,clear sky
271,Butaritari,KI,3.0707,172.7902,82.6,79,17,15.75,few clouds
272,Yanam,IN,16.7333,82.2167,70.12,86,100,4.25,overcast clouds
273,Skeldon,GY,5.8833,-57.1333,74.59,88,99,4.76,overcast clouds
274,Sobolevo,RU,54.4299,31.8996,-3.91,100,100,4.92,overcast clouds
275,Nelson Bay,AU,-32.7167,152.15,82.76,72,18,1.99,few clouds
276,Luderitz,NA,-26.6481,15.1594,64.71,91,3,9.55,clear sky
277,Castro,BR,-24.7911,-50.0119,62.22,95,86,4.18,overcast clouds
278,Vestmannaeyjar,IS,63.4427,-20.2734,38.5,66,100,38.03,overcast clouds
279,Kushiro,JP,42.975,144.3747,34.75,64,75,8.05,broken clouds
280,West Bay,KY,19.3667,-81.4167,78.87,74,20,1.01,few clouds
281,Port Lincoln,AU,-34.7333,135.8667,70.75,60,5,11.1,clear sky
282,Ishinomaki,JP,38.4167,141.3,39.2,66,72,20.67,broken clouds
283,Kolokani,ML,13.5728,-8.0339,71.92,16,68,8.75,broken clouds
284,Ekibastuz,KZ,51.6667,75.3667,10.63,94,100,4.65,overcast clouds
285,Middelburg,ZA,-25.7751,29.4648,59.56,94,99,7.38,overcast clouds
286,Ribeira Grande,PT,38.5167,-28.7,61.39,77,6,16.06,clear sky
287,Puerto El Triunfo,SV,13.2833,-88.55,86.86,61,100,7.16,overcast clouds
288,Zile,TR,40.3031,35.8864,31.32,96,100,5.32,light snow
289,Atambua,ID,-9.1061,124.8925,79.97,79,100,4.59,overcast clouds
290,Jequitinhonha,BR,-16.4339,-41.0033,71.29,90,1,2.24,clear sky
291,Barcelos,PT,41.5388,-8.6151,51.94,53,0,7.27,clear sky
292,Te Horo,NZ,-40.8084,175.1233,66.09,47,7,9.33,clear sky
293,Onokhoy,RU,51.932,108.0747,-22.25,98,100,0.74,overcast clouds
294,Lanxi,CN,29.2195,119.477,43.84,69,93,3.27,overcast clouds
295,Itarema,BR,-2.9248,-39.9167,77.81,78,11,7.25,few clouds
296,Pizarro,CO,4.9533,-77.366,77.11,83,87,3.51,overcast clouds
297,Takaka,NZ,-40.85,172.8,65.75,61,56,11.48,broken clouds
298,Praia Da Vitoria,PT,38.7333,-27.0667,59.25,94,75,15.7,broken clouds
299,Oktyabrskiy,RU,54.4815,53.471,5.95,95,93,4.16,overcast clouds
300,Touros,BR,-5.1989,-35.4608,81.5,82,29,6.06,scattered clouds
301,Herat,AF,34.5,62.0,42.76,53,0,6.89,clear sky
302,Pisco,PE,-13.7,-76.2167,71.65,83,40,11.5,scattered clouds
303,Champerico,GT,14.3,-91.9167,84.74,76,1,8.93,clear sky
304,Boyolangu,ID,-8.1181,111.8935,78.69,84,97,3.76,overcast clouds
305,Kupang,ID,-10.1667,123.5833,82.98,94,75,16.11,thunderstorm
306,Sao Joao Da Barra,BR,-21.6403,-41.0511,75.33,92,17,4.45,few clouds
307,Sisimiut,GL,66.9395,-53.6735,14.54,81,100,9.84,light snow
308,Ilulissat,GL,69.2167,-51.1,14.02,67,75,10.36,light snow
309,Roebourne,AU,-20.7833,117.1333,106.34,17,24,21.45,few clouds
310,Artyshta,RU,54.1222,86.2909,2.64,99,100,2.73,overcast clouds
311,Namibe,AO,-15.1961,12.1522,67.86,74,100,5.14,overcast clouds
312,Filiatra,GR,37.15,21.5833,42.15,59,84,17.05,broken clouds
313,Srednekolymsk,RU,67.45,153.6833,-39.06,100,79,2.28,broken clouds
314,Guiratinga,BR,-16.3494,-53.7583,68.95,96,34,5.03,scattered clouds
315,La Ronge,CA,55.1001,-105.2842,12.45,79,100,4.61,overcast clouds
316,Lagoa,PT,39.05,-27.9833,60.87,77,64,17.47,broken clouds
317,Uige,AO,-7.6087,15.0613,66.99,100,100,2.13,overcast clouds
318,Ahar,IR,38.4774,47.0699,36.1,90,100,7.52,overcast clouds
319,Chabahar,IR,25.2919,60.643,66.27,59,0,6.2,clear sky
320,Akhtanizovskaya,RU,45.32,37.1,25.27,72,100,18.3,overcast clouds
321,Margate,GB,51.3813,1.3862,42.89,78,98,6.98,overcast clouds
322,Otaki,NZ,-40.7583,175.15,67.75,45,2,8.25,clear sky
323,Boffa,GN,10.1667,-14.0333,78.51,84,6,2.01,clear sky
324,Tura,IN,25.5198,90.2201,54.77,97,10,2.62,clear sky
325,Deputatskiy,RU,69.3,139.9,-13.77,100,100,1.19,overcast clouds
326,Laguna,US,38.421,-121.4238,63.43,70,0,1.01,clear sky
327,Tlalchapa,MX,18.4,-100.4667,79.38,33,1,0.22,clear sky
328,Msowero,TZ,-6.5333,37.2,72.27,87,99,1.86,overcast clouds
329,Mentor,US,41.6662,-81.3395,40.55,67,100,8.05,overcast clouds
330,Bilibino,RU,68.0546,166.4372,-12.23,81,60,4.03,broken clouds
331,Chimbote,PE,-9.0853,-78.5783,70.5,80,98,7.67,overcast clouds
332,Bud,US,39.447,-86.1758,42.78,74,99,7.02,overcast clouds
333,Vila Franca Do Campo,PT,37.7167,-25.4333,57.61,82,9,10.92,clear sky
334,Epernay,FR,49.05,3.95,35.15,93,0,4.68,clear sky
335,Beyneu,KZ,45.3167,55.2,28.87,86,13,6.49,few clouds
336,Ewa Beach,US,21.3156,-158.0072,80.55,63,100,11.5,overcast clouds
337,Fayaoue,NC,-20.65,166.5333,80.29,78,48,10.78,scattered clouds
338,Balkanabat,TM,39.5108,54.3671,49.24,61,100,7.85,overcast clouds
339,Litovko,RU,49.2361,135.1742,9.39,94,100,2.59,light snow
340,Cidreira,BR,-30.1811,-50.2056,73.72,82,0,12.97,clear sky
341,Brooks,CA,50.5834,-111.8851,43.43,75,98,5.75,overcast clouds
342,Nara,JP,34.6851,135.8049,43.88,43,25,16.67,scattered clouds
343,Tari,NG,12.4086,4.4914,72.82,15,2,7.45,clear sky
344,Guerrero Negro,MX,27.9769,-114.0611,70.93,34,81,4.79,broken clouds
345,Hegra,NO,63.4644,11.114,47.41,87,100,28.77,heavy intensity rain
346,Padang,ID,-0.9492,100.3543,75.25,77,87,3.89,overcast clouds
347,Cherskiy,RU,68.75,161.3,-28.46,99,14,1.41,few clouds
348,San Lorenzo,PY,-25.3333,-57.5333,88.74,25,0,8.99,clear sky
349,Berga,NO,60.392,5.328,48.15,94,75,12.66,light rain
350,Burns Lake,CA,54.2331,-125.7533,31.42,99,100,0.81,light snow
351,Dingle,PH,10.9995,122.6711,78.55,77,78,13.22,broken clouds
352,Payo,ID,-3.7508,103.6372,74.93,91,48,2.46,scattered clouds
353,Formosa,AR,-26.1775,-58.1781,87.78,25,0,5.75,smoke
354,Turinsk,RU,58.0458,63.696,-2.04,89,32,5.01,scattered clouds
355,Owando,CG,-0.4819,15.8999,73.72,82,100,3.38,overcast clouds
356,Hualmay,PE,-11.0964,-77.6139,71.19,81,100,10.22,overcast clouds
357,Yurla,RU,59.3259,54.3223,-9.18,98,6,4.07,clear sky
358,Iwanai,JP,42.9744,140.5089,29.93,82,100,14.16,light snow
359,Vostok,RU,46.4856,135.8833,-4.72,95,100,3.4,light snow
360,San Pedro Buenavista,MX,16.0833,-93.1167,73.09,78,6,3.76,clear sky
361,Alice,US,27.7523,-98.0697,63.97,63,100,3.44,overcast clouds
362,Lazaro Cardenas,MX,17.9583,-102.2,77.68,67,12,6.38,few clouds
363,Jalu,LY,29.0331,21.5482,52.7,66,37,9.1,scattered clouds
364,Kahului,US,20.8947,-156.47,82.42,80,40,18.41,scattered clouds
365,Petropavl,KZ,54.8753,69.1628,-14.04,99,8,2.48,clear sky
366,Poya,NC,-21.35,165.15,83.44,71,52,11.92,broken clouds
367,Burirao,PH,9.2,118.1,78.98,70,63,5.55,broken clouds
368,Taoudenni,ML,22.6783,-3.9836,62.62,14,82,10.09,broken clouds
369,Yidu,CN,24.1614,115.1328,53.76,55,100,5.26,overcast clouds
370,Ilo,PE,-17.6394,-71.3375,71.04,83,82,2.06,broken clouds
371,Amapa,BR,1.0,-52.0,71.2,99,100,2.64,light rain
372,Tual,ID,-5.6667,132.75,82.71,77,100,13.89,overcast clouds
373,Tazovskiy,RU,67.4667,78.7,-2.61,96,100,13.53,overcast clouds
374,Shimoda,JP,34.6667,138.95,44.96,62,11,28.68,few clouds
375,Lompoc,US,34.6391,-120.4579,69.48,39,0,3.44,clear sky
376,Beira,MZ,-19.8436,34.8389,78.89,94,100,9.22,overcast clouds
377,Gillette,US,44.2911,-105.5022,46.94,48,0,11.5,clear sky
378,Iqaluit,CA,63.7506,-68.5145,-16.31,62,40,5.01,scattered clouds
379,Matao,BR,-21.6033,-48.3658,69.73,92,100,5.73,overcast clouds
380,Sharjah,AE,25.3573,55.4033,71.26,77,0,2.3,clear sky
381,Chaman,PK,30.9236,66.4512,39.83,57,0,1.45,clear sky
382,Bikaner,IN,28.0167,73.3,52.99,53,0,3.13,clear sky
383,Ndioum,SN,16.5129,-14.6471,79.2,18,100,3.38,overcast clouds
384,Kalmunai,LK,7.4167,81.8167,75.47,88,75,3.29,broken clouds
385,Boa Vista,BR,2.8197,-60.6733,84.18,54,0,8.05,clear sky
386,Smithers,CA,54.7804,-127.1743,32.32,100,100,2.3,mist
387,Saint Simons,US,31.1352,-81.3901,57.02,84,0,4.61,clear sky
388,Samarai,PG,-10.6167,150.6667,85.55,69,68,10.31,broken clouds
389,Hangu,CN,39.2489,117.7892,26.64,33,0,7.27,clear sky
390,Tulun,RU,54.5611,100.5792,8.83,97,100,1.57,overcast clouds
391,Boguchany,RU,58.3814,97.4531,-22.4,100,100,1.95,overcast clouds
392,Velsk,RU,61.0701,42.0983,3.51,82,86,10.63,overcast clouds
393,Paamiut,GL,61.994,-49.6678,7.3,88,56,10.92,broken clouds
394,Whitehorse,CA,60.7161,-135.0538,23.02,92,75,18.01,broken clouds
395,Shenkursk,RU,62.1091,42.896,6.1,78,70,15.03,broken clouds
396,Cieza,ES,38.24,-1.4199,49.15,76,77,4.56,broken clouds
397,Lanzhou,CN,36.0564,103.7922,7.88,46,100,1.07,overcast clouds
398,Vallenar,CL,-28.5708,-70.7581,73.27,54,20,3.47,few clouds
399,Miri,MY,4.4148,114.0089,78.94,89,40,8.05,scattered clouds
400,Emerald,AU,-23.5333,148.1667,85.33,48,40,5.75,scattered clouds
401,Penzance,GB,50.1186,-5.5371,46.76,77,0,7.43,clear sky
402,Miles City,US,46.4083,-105.8406,42.51,65,0,12.66,clear sky
403,Matagami,CA,49.7502,-77.6328,-21.89,76,0,2.3,clear sky
404,Kiunga,PG,-6.1219,141.2906,82.92,74,100,3.11,overcast clouds
405,Batemans Bay,AU,-35.7167,150.1833,73.98,84,76,5.19,broken clouds
406,Llandrindod Wells,GB,52.2416,-3.3787,39.96,83,0,2.89,clear sky
407,Saint-Augustin,CA,51.226,-58.6502,21.22,93,100,19.98,light snow
408,Mendoza,AR,-32.8908,-68.8272,98.13,36,40,0.0,scattered clouds
409,Alpena,US,45.0617,-83.4327,26.94,83,100,4.0,overcast clouds
410,Fort Morgan,US,40.2503,-103.8,45.82,60,0,11.5,clear sky
411,Yulara,AU,-25.2406,130.9889,93.04,10,0,14.97,clear sky
412,Buraydah,SA,26.326,43.975,63.05,47,100,15.82,overcast clouds
413,Burnie,AU,-41.0667,145.9167,69.94,58,100,16.15,overcast clouds
414,Bosaso,SO,11.2842,49.1816,70.43,75,10,3.02,clear sky
415,Bontang,ID,0.1333,117.5,78.46,83,100,3.96,overcast clouds
416,Dwarka,IN,22.2394,68.9678,64.18,52,0,13.31,clear sky
417,Southbridge,US,42.0751,-72.0334,33.44,63,89,1.01,overcast clouds
418,Quesnel,CA,52.9999,-122.5029,36.1,93,100,0.0,mist
419,Vagur,FO,61.4732,-6.8119,47.52,88,100,42.12,overcast clouds
420,Teguldet,RU,57.3064,88.1667,-14.6,100,100,1.74,overcast clouds
421,Narsaq,GL,60.9167,-46.05,12.42,80,14,7.23,few clouds
422,Port Hardy,CA,50.6996,-127.4199,50.76,93,100,13.8,light rain
423,Honningsvag,NO,70.9821,25.9704,37.13,73,100,30.67,overcast clouds
424,Ures,MX,29.4333,-110.4,76.12,35,99,2.62,overcast clouds
425,Sharan,RU,54.8167,54.0,-0.31,96,31,4.0,snow
426,Puteyets,RU,65.1716,57.091,13.73,72,100,16.33,overcast clouds
427,Sri Aman,MY,1.2376,111.4621,75.25,100,40,0.0,scattered clouds
428,Gayeri,BF,12.6497,0.4931,72.72,8,77,7.56,broken clouds
429,Dakar,SN,14.6937,-17.4441,74.28,88,0,2.3,clear sky
430,Maniitsoq,GL,65.4167,-52.9,12.25,75,100,3.44,overcast clouds
431,Upington,ZA,-28.4478,21.2561,75.58,73,20,4.61,few clouds
432,Davila,PH,18.4726,120.5763,69.78,73,17,15.88,few clouds
433,Sorochinsk,RU,52.4338,53.1583,3.78,88,83,5.93,broken clouds
434,Luganville,VU,-15.5333,167.1667,87.26,59,0,2.89,clear sky
435,Port Macquarie,AU,-31.4333,152.9167,78.76,63,5,4.97,clear sky
436,Aripuana,BR,-9.1667,-60.6333,72.05,98,100,0.92,overcast clouds
437,Bandar-E Lengeh,IR,26.5579,54.8807,62.71,94,0,0.0,clear sky
438,Lindi,TZ,-10.0,39.7167,75.56,89,100,3.96,overcast clouds
439,Lakkoma,GR,40.3833,23.05,38.05,76,40,11.5,scattered clouds
440,Shelburne,CA,44.0787,-80.2041,28.56,97,100,4.97,overcast clouds
441,Port Keats,AU,-14.25,129.55,81.21,80,100,7.45,overcast clouds
442,Kedougou,SN,12.5579,-12.1743,78.64,16,11,1.83,few clouds
443,Ko Samui,TH,9.5357,99.9357,80.74,68,73,17.29,broken clouds
444,Ostrovnoy,RU,68.0531,39.5131,26.33,86,100,32.03,overcast clouds
445,Kloulklubed,PW,7.0419,134.2556,81.1,77,67,18.48,broken clouds
446,Bowen,AU,-20.0167,148.2333,84.42,56,11,14.03,few clouds
447,Olinda,BR,-8.0089,-34.8553,82.13,78,40,5.75,scattered clouds
448,Novorzhev,RU,57.0294,29.3338,22.95,93,100,9.69,overcast clouds
449,Eirunepe,BR,-6.6603,-69.8736,71.83,98,100,0.4,overcast clouds
450,Ampanihy,MG,-24.7,44.75,76.73,80,100,5.46,overcast clouds
451,Kommunisticheskiy,RU,61.6789,64.4819,9.82,70,100,10.33,overcast clouds
452,Columbia,US,34.0007,-81.0348,44.53,50,0,0.0,clear sky
453,Lamar,US,33.6668,-95.5836,56.86,35,0,6.91,clear sky
454,Manga,BF,11.6636,-1.0731,75.76,10,9,8.19,clear sky
455,Helena,US,46.5927,-112.0361,42.24,74,100,4.0,overcast clouds
456,Birao,CF,10.2849,22.7882,76.98,33,50,3.2,scattered clouds
457,Libreville,GA,0.3925,9.4537,78.3,87,100,6.08,moderate rain
458,Les Cayes,HT,18.2,-73.75,72.93,80,12,1.99,few clouds
459,Zinder,NE,13.8072,8.9881,65.68,9,3,8.75,clear sky
460,Joshimath,IN,30.5667,79.5667,36.99,50,100,5.55,overcast clouds
461,Bouna,CI,9.2667,-3.0,76.41,20,3,4.43,clear sky
462,Carballo,ES,43.213,-8.691,46.87,78,0,3.76,clear sky
463,Yeppoon,AU,-23.1333,150.7333,82.18,65,64,15.1,broken clouds
464,Kalaleh,IR,37.3807,55.4916,42.4,81,0,0.0,clear sky
465,Taywarah,AF,33.35,64.4167,20.37,82,83,0.22,broken clouds
466,Mount Isa,AU,-20.7333,139.5,91.17,43,99,11.5,overcast clouds
467,Mikhaylovskoye,RU,51.8239,79.7172,7.38,91,100,3.56,overcast clouds
468,Gizo,SB,-8.103,156.8419,85.24,73,87,13.51,light rain
469,Adrar,MR,20.5022,-10.0711,63.64,17,96,9.53,overcast clouds
470,Abalak,RU,58.1286,68.5944,-4.18,97,34,4.63,scattered clouds
471,Huilong,CN,31.8111,121.655,42.04,63,100,18.1,overcast clouds
472,Shingu,JP,33.7333,135.9833,43.92,59,7,16.67,clear sky
473,Udachnyy,RU,66.4167,112.4,-34.71,100,99,2.06,overcast clouds
474,Baruun-Urt,MN,46.6806,113.2792,-4.47,92,11,6.85,few clouds
475,Halifax,CA,44.6453,-63.5724,36.21,86,100,8.99,overcast clouds
476,Shieli,KZ,44.1667,66.75,33.3,91,47,11.01,scattered clouds
477,Marawi,PH,7.9986,124.2928,69.66,85,100,3.94,overcast clouds
478,Haines Junction,CA,60.7522,-137.5108,19.35,79,100,1.14,overcast clouds
479,Batsfjord,NO,70.6345,29.7185,34.56,94,100,27.31,light snow
480,Lhokseumawe,ID,5.1801,97.1507,77.9,80,90,6.82,overcast clouds
481,Santona,ES,43.4439,-3.4576,44.08,77,0,2.73,clear sky
482,Tatarsk,RU,55.219,75.9828,-16.64,100,100,3.53,overcast clouds
483,Gogrial,SS,8.5332,28.1004,85.64,30,88,0.87,overcast clouds
484,Chudovo,RU,59.1167,31.6833,17.98,95,100,11.07,overcast clouds
485,Bubaque,GW,11.2833,-15.8333,78.93,67,29,8.7,scattered clouds
486,Cordoba,AR,-31.4135,-64.1811,85.05,30,0,5.75,clear sky
487,Muisne,EC,0.6,-80.0333,76.82,84,90,7.67,overcast clouds
488,Wajir,KE,1.7471,40.0573,76.48,63,77,12.57,broken clouds
489,Solnechnyy,RU,50.7214,136.6319,10.69,90,100,8.68,light snow
490,Danielskuil,ZA,-28.1887,23.5395,69.17,68,27,8.43,scattered clouds
491,Meulaboh,ID,4.1363,96.1285,75.97,89,100,5.5,overcast clouds
492,Dunedin,NZ,-45.8742,170.5036,60.37,58,32,11.54,scattered clouds
493,Sterling,US,39.0062,-77.4286,42.8,58,75,5.75,broken clouds
494,Santa Fe,AR,-31.6333,-60.7,93.74,42,15,1.01,few clouds
495,Gorodovikovsk,RU,46.0878,41.9335,21.22,96,100,9.51,snow
496,Kalas,IN,18.1667,74.8,60.75,87,44,5.97,scattered clouds
497,Vostochnyy,RU,55.8167,37.8667,6.98,96,100,4.94,light snow
498,Nikolskoye,RU,59.7035,30.7861,26.87,93,100,12.21,light snow
499,Nabire,ID,-3.3667,135.4833,84.49,69,100,1.05,overcast clouds
500,Port Hedland,AU,-20.3167,118.5667,105.85,15,78,17.27,broken clouds
501,Cottbus,DE,51.7667,14.3333,37.09,88,57,8.01,light rain
502,Aksu,CN,41.1231,80.2644,20.08,60,11,2.06,few clouds
503,El Sauzal,MX,31.9,-116.6833,60.42,77,100,0.74,overcast clouds
504,Kulhudhuffushi,MV,6.6221,73.07,81.3,70,41,8.9,scattered clouds
505,Warburton,PK,31.55,73.8333,44.8,63,6,2.62,clear sky
506,Omboue,GA,-1.5746,9.2618,76.42,91,78,6.11,broken clouds
507,Armidale,AU,-30.5167,151.65,71.82,38,0,6.15,clear sky
508,Kathu,TH,7.9178,98.3332,76.82,72,98,21.14,overcast clouds
509,Camabatela,AO,-8.1881,15.375,63.86,99,100,4.38,overcast clouds
510,Flinders,AU,-34.5833,150.8552,74.48,91,60,1.99,light rain
511,Porbandar,IN,21.6422,69.6093,59.61,56,0,11.61,clear sky
512,Sucua,EC,-2.4667,-78.1667,69.08,96,100,2.37,overcast clouds
513,Cortez,US,37.3489,-108.5859,41.76,49,0,6.91,clear sky
514,Negotin,RS,44.2264,22.5308,27.01,69,12,8.75,few clouds
515,Marsaxlokk,MT,35.8419,14.5431,51.08,100,75,5.75,broken clouds
516,Troitsko-Pechorsk,RU,62.7084,56.1964,0.28,84,5,9.91,clear sky
517,Caceres,ES,39.522,-6.3748,43.81,80,0,4.65,clear sky
518,Ahwa,IN,20.75,73.6833,55.9,72,0,5.39,clear sky
519,Sinnamary,GF,5.3833,-52.95,76.86,83,93,4.7,overcast clouds
520,Novaya Zaimka,RU,56.4857,66.9241,-0.29,86,18,6.51,few clouds
521,Peniche,PT,39.3558,-9.3811,53.46,74,0,11.86,clear sky
522,Yaan,NG,7.3833,8.5667,80.92,20,93,4.16,overcast clouds
523,Cockburn Town,TC,21.4612,-71.1419,76.21,72,1,14.34,clear sky
524,Osmena,PH,10.5208,119.9258,79.7,75,100,18.45,overcast clouds
525,Sangmelima,CM,2.9333,11.9833,69.55,86,100,2.86,overcast clouds
526,Cairns,AU,-16.9167,145.7667,92.95,73,33,5.75,scattered clouds
527,Pouembout,NC,-21.1333,164.9,84.4,70,53,10.58,broken clouds
528,Chicama,PE,-7.8447,-79.1469,70.34,76,88,7.72,overcast clouds
529,Muros,ES,42.7762,-9.0603,50.85,79,10,8.14,clear sky
530,Tucuman,AR,-26.8241,-65.2226,78.8,65,0,2.3,haze
531,Leningradskiy,RU,69.3833,178.4167,-21.69,97,7,4.59,clear sky
532,Manyava,UA,48.6554,24.3754,8.78,80,1,5.59,clear sky
533,Abu Samrah,SY,35.3029,37.1841,51.22,72,85,10.13,overcast clouds
534,Bilma,NE,18.6853,12.9164,62.62,8,0,7.2,clear sky
535,Khorinsk,RU,52.1657,109.7726,-8.46,98,100,0.4,overcast clouds
536,Fairbanks,US,64.8378,-147.7164,15.24,84,75,0.0,broken clouds
537,Vangaindrano,MG,-23.35,47.6,75.13,93,100,3.33,overcast clouds
538,Mtambile,TZ,-5.3833,39.7,79.52,78,31,12.77,scattered clouds
539,Ternate,ID,0.8,127.4,82.51,72,100,6.22,overcast clouds
540,Umba,RU,66.6871,34.3429,30.45,96,100,11.34,light snow
541,Batagay-Alyta,RU,67.8006,130.4114,-15.2,98,100,2.46,overcast clouds
542,Kayerkan,RU,69.3497,87.7602,-4.49,76,100,9.06,overcast clouds
543,Roald,NO,62.5833,6.1333,48.99,100,100,37.98,light rain
544,Pangody,RU,65.85,74.4859,9.93,94,100,16.78,light snow
545,Lavrentiya,RU,65.5833,-171.0,-14.75,94,23,10.16,few clouds
546,The Valley,AI,18.217,-63.0578,76.86,75,9,14.97,clear sky
547,Keti Bandar,PK,24.1447,67.4497,62.73,65,0,7.07,clear sky
548,Sitrah,BH,26.1547,50.6206,64.36,73,0,3.0,clear sky
549,Monywa,MM,22.1167,95.1333,63.16,85,100,5.41,overcast clouds
550,El Carrizo,MX,24.0261,-106.8814,70.07,67,100,4.29,overcast clouds
551,Taltal,CL,-25.4,-70.4833,68.52,79,62,2.86,broken clouds
552,Fare,PF,-16.7,-151.0167,77.25,86,100,18.57,moderate rain
553,Warri,NG,5.5167,5.75,80.35,85,39,4.56,light rain
554,Mongu,ZM,-15.2484,23.1274,66.56,97,100,3.02,moderate rain
555,Pacific Grove,US,36.6177,-121.9166,68.11,57,0,1.01,clear sky
556,Makakilo City,US,21.3469,-158.0858,79.12,63,100,11.5,overcast clouds
557,Fort Wellington,GY,6.4,-57.6,76.42,82,100,7.38,overcast clouds
558,Altamont,US,42.2068,-121.7372,44.44,65,0,6.91,clear sky
559,Yumen,CN,40.2833,97.2,19.04,50,100,4.34,overcast clouds
560,Havoysund,NO,70.9963,24.6622,36.48,75,100,30.29,overcast clouds
561,Kipini,KE,-2.5257,40.5262,76.03,87,28,8.39,scattered clouds
562,Bundaberg,AU,-24.85,152.35,82.69,51,40,12.66,scattered clouds
563,Nakhon Si Thammarat,TH,8.25,100.0,79.05,78,100,6.85,overcast clouds
564,Klyuchi,RU,52.2667,79.1667,7.09,93,100,4.85,overcast clouds
565,Christchurch,NZ,-43.5333,172.6333,65.03,57,100,4.0,overcast clouds
566,Sergeyevka,KZ,53.88,67.4158,-15.0,100,80,3.83,broken clouds
567,Berezovyy,RU,51.6667,135.7,14.88,93,100,4.45,light snow
568,Coihaique,CL,-45.5752,-72.0662,66.15,37,20,10.36,few clouds
569,Dawei,MM,14.0833,98.2,74.3,70,36,3.8,scattered clouds
570,Rochester,US,43.1548,-77.6156,36.72,84,100,1.01,overcast clouds
571,Agadez,NE,19.75,10.25,56.12,12,0,1.25,clear sky
572,Clyde River,CA,70.4692,-68.5914,-28.97,75,0,0.0,clear sky
573,Kudahuvadhoo,MV,2.6708,72.8944,81.9,72,100,7.96,overcast clouds
574,Ballina,AU,-28.8667,153.5667,80.78,69,40,9.22,scattered clouds
575,Zheleznodorozhnyy,RU,55.7503,38.0042,7.21,97,100,4.59,light snow
576,Saint-Joseph,RE,-21.3667,55.6167,76.21,84,97,5.86,light rain
577,Berbera,SO,10.4396,45.0143,73.74,74,39,7.94,scattered clouds
578,Matara,LK,5.9485,80.5353,75.6,89,50,1.68,scattered clouds
579,Ankazoabo,MG,-22.2833,44.5167,70.57,92,100,2.42,overcast clouds
580,Williams Lake,CA,52.1415,-122.1445,35.17,96,100,6.91,light rain and snow
581,Los Llanos De Aridane,ES,28.6585,-17.9182,58.75,63,20,8.01,few clouds
582,Katangli,RU,51.7102,143.2326,23.36,92,100,20.8,light snow
583,Leua,SK,48.2156,18.6071,29.5,61,7,1.72,clear sky
584,Santander,ES,43.4647,-3.8044,43.47,70,0,1.01,clear sky
585,Husavik,IS,66.0449,-17.3389,31.91,60,100,38.12,overcast clouds
586,Luanda,AO,-8.8368,13.2343,75.2,83,40,3.44,scattered clouds
587,Tecoanapa,MX,16.5167,-98.75,79.39,67,0,6.51,clear sky
588,Lenger,KZ,42.183,69.8839,36.84,92,100,6.22,overcast clouds
589,Shiyan,CN,32.6475,110.7781,36.32,55,88,6.71,overcast clouds
590,Rundu,NA,-17.9333,19.7667,69.44,78,100,6.44,overcast clouds
591,Warman,CA,52.3168,-106.5679,26.51,79,40,8.05,scattered clouds
592,Waipawa,NZ,-41.4122,175.5153,63.45,55,100,11.54,overcast clouds
593,Bani Walid,LY,31.7566,13.9942,47.7,78,6,11.56,clear sky
594,Roma,US,43.2128,-75.4557,37.65,78,100,5.75,overcast clouds
595,Micheweni,TZ,-4.9667,39.8333,80.76,76,21,13.24,few clouds
596,Nacala,MZ,-14.5428,40.6728,78.28,90,100,9.62,overcast clouds
597,Angoram,PG,-4.0625,144.0661,87.96,62,20,4.61,few clouds
598,Abha,SA,18.2164,42.5053,51.62,76,0,0.0,clear sky
599,Bethanien,NA,-26.502,17.1583,76.35,38,0,7.65,clear sky
600,George,ZA,-33.963,22.4617,62.15,94,100,2.3,overcast clouds
601,Majene,ID,-3.5403,118.9707,80.13,82,100,6.22,overcast clouds
602,Bagotville,AU,-28.9833,153.4167,80.64,74,0,9.26,clear sky
603,Kamaishi,JP,39.2667,141.8833,32.95,69,34,18.72,scattered clouds
604,Ust-Koksa,RU,50.2696,85.6108,12.83,81,100,0.72,overcast clouds
605,Santa Maria,BR,-29.6842,-53.8069,76.3,57,0,3.44,clear sky
606,Pustoshka,RU,56.3355,29.369,17.22,96,100,7.14,overcast clouds
607,Narasannapeta,IN,18.4167,84.05,67.89,89,88,6.42,overcast clouds
608,Almaznyy,RU,48.0448,40.045,10.54,83,100,12.1,overcast clouds
609,Azogues,EC,-2.7333,-78.8333,55.35,88,100,0.94,overcast clouds
610,Mossendjo,CG,-2.9506,12.7261,69.67,99,100,3.18,overcast clouds
611,Chapleau,CA,47.8405,-83.4034,-9.31,84,40,0.0,scattered clouds
612,Umm Kaddadah,SD,13.6017,26.6876,73.81,29,75,13.4,broken clouds
613,Antofagasta,CL,-23.65,-70.4,67.57,83,100,6.29,overcast clouds
614,Amarante Do Maranhao,BR,-5.5667,-46.7422,70.2,99,100,2.37,overcast clouds
615,Magaria,NE,12.9983,8.9099,68.13,18,0,8.41,clear sky
616,Cap-Aux-Meules,CA,47.3821,-61.8597,26.65,93,100,24.16,overcast clouds
617,Pemberton,CA,50.3164,-122.8027,40.69,100,100,2.95,overcast clouds
618,Alexandria,EG,31.2156,29.9553,55.36,76,40,2.3,scattered clouds
619,Amga,RU,60.8953,131.9608,-27.81,100,50,1.41,scattered clouds
620,Ponazyrevo,RU,58.3578,46.3142,-2.15,99,59,2.64,broken clouds
621,Storm Lake,US,42.6411,-95.2097,41.22,56,0,8.05,clear sky
622,Peterhead,GB,57.5058,-1.7981,49.12,78,100,12.82,overcast clouds
623,Innisfail,AU,-17.5333,146.0333,92.88,64,22,8.12,few clouds
624,High Rock,BS,26.6208,-78.2833,64.42,65,35,12.5,scattered clouds
625,Lakselv,NO,70.0513,24.9718,35.42,75,40,18.41,scattered clouds
626,Thouars,FR,46.976,-0.2151,38.79,89,0,9.93,clear sky
627,Paoua,CF,7.2427,16.4406,71.47,24,87,4.47,overcast clouds
628,Storsteinnes,NO,69.2408,19.2344,35.6,92,100,7.99,light snow
629,Chimoio,MZ,-19.1164,33.4833,73.26,94,75,3.49,broken clouds
630,Chara,RU,56.9064,118.2631,-14.58,86,100,0.47,overcast clouds
631,Shostka,UA,51.863,33.4698,-0.17,97,38,7.2,scattered clouds
632,Jijiga,ET,9.35,42.8,58.44,45,36,6.11,scattered clouds
633,Bonfim,BR,3.0833,-59.95,83.84,50,100,8.1,overcast clouds
634,Yima,CN,34.7381,111.8839,29.77,36,63,4.56,broken clouds
635,Kang,BW,-23.6752,22.7876,69.82,76,74,7.56,broken clouds
636,Ola,RU,59.5833,151.2833,-1.55,89,16,7.27,few clouds
637,Ust-Ishim,RU,57.6935,71.1665,-9.2,100,52,3.09,broken clouds
638,Mattawa,US,46.7379,-119.9028,41.72,89,100,1.99,overcast clouds
639,Sete Lagoas,BR,-19.4658,-44.2467,76.28,91,74,2.62,broken clouds
640,Kholodnyy,RU,62.7167,147.95,-25.15,98,100,2.37,overcast clouds
641,Arlit,NE,18.7369,7.3853,64.06,6,0,7.83,clear sky
642,Shitanjing,CN,39.2342,106.3439,13.33,53,0,5.37,clear sky
643,Hannibal,US,39.7084,-91.3585,47.12,49,0,5.75,clear sky
644,Tiznit,MA,29.5833,-9.5,55.99,44,0,6.69,clear sky
645,Korla,CN,41.7597,86.1469,20.14,65,3,3.31,clear sky
646,Yar-Sale,RU,66.8333,70.8333,10.11,93,100,8.68,overcast clouds
647,Manoel Urbano,BR,-8.8389,-69.2597,73.08,97,62,4.34,broken clouds
648,Kyaikkami,MM,16.08,97.5675,76.08,61,56,6.64,broken clouds
649,Ati,TD,13.2154,18.3353,71.83,13,26,9.8,scattered clouds
650,Arrifes,PT,37.7667,-25.7,55.65,77,20,6.91,few clouds
651,Pinyug,RU,60.251,47.7842,1.0,97,65,7.07,broken clouds
652,Severodvinsk,RU,64.5635,39.8302,19.51,91,100,20.4,snow
653,Beloha,MG,-25.1667,45.05,75.87,89,100,6.58,overcast clouds
654,Sakete,BJ,6.7362,2.6587,83.34,86,100,5.39,light rain
655,Mnogovershinnyy,RU,53.9353,139.9242,6.35,93,100,6.62,overcast clouds
656,Nola,IT,40.922,14.5329,50.56,69,47,8.05,scattered clouds
657,Ondjiva,AO,-17.0667,15.7333,74.62,18,100,6.31,overcast clouds
658,Belem De Sao Francisco,BR,-8.7539,-38.9658,78.71,65,37,2.21,scattered clouds
659,Bathsheba,BB,13.2167,-59.5167,79.41,69,75,14.97,broken clouds
660,Byron Bay,AU,-28.65,153.6167,80.71,53,10,9.71,clear sky
661,Koshurnikovo,RU,54.1667,93.3,7.05,97,100,0.69,light snow
662,Nancha,CN,47.1333,129.2667,-5.35,82,79,3.42,broken clouds
663,Holsted,DK,55.5109,8.9187,46.02,96,100,14.38,overcast clouds
664,Asyut,EG,27.181,31.1837,50.18,25,22,6.64,few clouds
665,Richards Bay,ZA,-28.783,32.0377,71.91,87,31,7.83,scattered clouds
666,Mithi,PK,24.7318,69.7981,57.92,43,0,7.78,clear sky
667,Paijan,PE,-7.7333,-79.3022,70.83,74,94,11.36,overcast clouds
668,Savelugu,GH,9.6244,-0.8253,80.78,15,6,6.29,clear sky
669,Souris,CA,49.6172,-100.2612,17.46,93,31,8.61,scattered clouds
670,Mendota,US,36.7536,-120.3816,61.47,43,100,1.97,overcast clouds
671,Guatire,VE,10.4762,-66.5427,76.21,98,55,1.54,broken clouds
672,Imbituba,BR,-28.24,-48.6703,76.89,87,100,3.98,overcast clouds
673,Thonon-Les-Bains,FR,46.25,6.5,23.68,86,41,3.4,scattered clouds
674,Gisborne,NZ,-38.6533,178.0042,63.95,68,100,16.08,overcast clouds
675,Labuhan,ID,-6.8844,112.2051,79.18,82,100,7.67,overcast clouds
676,Fortuna,US,40.5982,-124.1573,61.72,72,0,5.75,clear sky
677,Banes,CU,20.9625,-75.7186,74.01,87,0,5.99,clear sky
678,Bani,DO,18.2833,-70.3333,73.85,82,5,4.63,clear sky
679,Lukovetskiy,RU,64.2956,41.9211,19.38,90,100,16.15,light snow
680,Lengshuitan,CN,26.4111,111.5956,47.77,64,100,8.52,overcast clouds
681,Sao Felix Do Xingu,BR,-6.6447,-51.995,69.57,99,98,1.05,overcast clouds
682,Sept-Iles,CA,50.2001,-66.3821,3.72,82,75,6.91,broken clouds
683,Palmer,US,42.1584,-72.3287,32.49,62,75,9.22,broken clouds
684,Lasa,IT,46.6166,10.7002,29.28,57,0,5.99,clear sky
685,Vanimo,PG,-2.6741,141.3028,85.44,69,100,4.23,overcast clouds
686,Eureka,US,40.8021,-124.1637,61.99,78,1,3.0,clear sky
687,Paraiso,CR,9.8383,-83.8656,68.86,97,42,2.82,scattered clouds
688,Mayo,US,38.8876,-76.5119,43.56,65,0,3.44,clear sky
689,Bose,IT,45.4612,8.0137,34.95,63,0,2.64,clear sky
690,Tilichiki,RU,60.4667,166.1,-3.77,93,85,7.54,overcast clouds
691,Alta Floresta,BR,-9.8756,-56.0861,70.63,99,100,2.89,overcast clouds
692,Port-Gentil,GA,-0.7193,8.7815,79.39,83,100,9.4,light rain
693,Yarada,IN,17.65,83.2667,70.12,100,40,2.3,mist
694,La Serena,CL,-29.9078,-71.2542,63.88,84,29,2.73,scattered clouds
695,Kurumkan,RU,54.3,110.3,-1.86,100,100,0.83,light snow
